word,freq
island,1
android,3
app,2
cloner,1
how,2
to,7
transfer,1
files,2
out,3
of,2
cloned,1
work,5
profile,5
file,5
manager,4
trying,1
get,2
photos,2
the,7
original,1
with,4
solid,3
explorer,3
installed,1
on,4
you,7
can,3
click,3
share,1
and,10
save,1
next,1
issue,1
install,2
if,2
i,2
have,2
apk,1
gone,2
after,2
deleting,2
whatsapp,4
hi,1
all,2
im,1
writing,1
here,1
maybe,1
someone,1
help,1
lost,1
my,3
pictures,2
autosaved,1
from,1
galaxy,1
note,1
9,1
reinstalling,1
any,1
ideas,1
what,2
do,2
its,2
so,1
much,1
media,3
yes,1
but,2
last,1
backup,5
was,1
quite,1
old,1
now,2
too,1
odd,1
thing,1
is,2
that,1
were,2
saved,1
phone,2
just,2
uninstalled,1
reinstalled,1
chances,1
are,1
your,2
images,1
still,1
safe,2
not,1
restored,1
grab,1
a,5
preferably,1
mixplorer,1
check,1
these,2
paths,1
for,1
10,1
below,1
internalsdcardwhatsappmedia,1
foldersfor,1
11,1
internalandroidmediacomwhatsappwhatsappmedia,1
foldersif,1
find,1
stuff,1
in,2
places,1
copy,1
it,4
somewhere,1
also,1
make,1
sure,1
chat,1
wadatabases,1
folder,1
should,3
be,3
crypt,1
then,1
uninstall,1
remove,1
google,2
accounts,1
force,1
wa,2
restore,2
local,2
again,2
provide,1
storage,1
permissions,1
before,1
opening,1
proceed,2
verification,1
dialog,1
chats,1
back,1
thank,1
mean,1
by,1
removing,1
accountsthe,1
overwritten,1
appear,1
0kb,1
